Lot URL,Lot #,Est. Retail Value,Sale Date,Year,Make,Model,Engine Type,Cylinders,VIN,Grid/Row,Title Code,Odometer,Odometer Description,Damage Description,Current Bid,My Bid,Item Number,Sale Name,Repair Estimate
https://www.copart.com/lotDetail/46343101,46343101,0 USD,10/28/2021 04:00 pm CEST,2011,AUDI,A5 PREMIUM,2.0L  4,4,WAULFAFR9BA085874,INSP,CERTIFICATE OF TITLE (P),"110,703 A",ACTUAL,MINOR DENT/SCRATCHES,825 USD,0 USD,87,CT - HARTFORD SPRINGFIELD,0 USD
https://www.copart.com/lotDetail/47281561,47281561,0 USD,10/28/2021 04:00 pm CEST,1990,MAZDA,MX-5 MIATA,1.6L  4,4,JM1NA351XL0115201,K040,BILL OF SALE - PARTS ONLY,"145,118 E",EXEMPT,REAR END,200 USD,0 USD,27,CT - HARTFORD SPRINGFIELD,0 USD
https://www.copart.com/lotDetail/49539481,49539481,"29,180 USD",10/28/2021 04:00 pm CEST,2021,KIA,SPORTAGE E,2.4L  4,4,KNDPNCAC2M7858688,J040,CERT OF TITLE-SALVAGE,"6,370 A",ACTUAL,FRONT END,"7,400 USD",0 USD,249,CT - HARTFORD SPRINGFIELD,"26,827 USD"
https://www.copart.com/lotDetail/51012981,51012981,"29,944 USD",10/28/2021 04:00 pm CEST,2019,HYUNDAI,SONATA LIM,2.0L  4,4,5NPE34AB4KH792681,K040,CERT OF TITLE-SALVAGE,"14,317 A",ACTUAL,ROLLOVER,"4,050 USD",0 USD,199,CT - HARTFORD SPRINGFIELD,"16,039 USD"
https://www.copart.com/lotDetail/51016781,51016781,0 USD,10/28/2021 04:00 pm CEST,2018,BMW,340 XI,3.0L  6,6,WBA8B7G58JNT71223,J030,CERT OF TITLE-FLOOD SALVAGE,"49,239 A",ACTUAL,WATER/FLOOD,"5,700 USD",0 USD,241,CT - HARTFORD SPRINGFIELD,0 USD
https://www.copart.com/lotDetail/51020631,51020631,"2,575 USD",10/28/2021 04:00 pm CEST,2001,FORD,EXPLORER S,4.0L  6,6,1FMYU70E81UC18785,G040,CERT OF TITLE-PARTS ONLY SALVA,"145,013 A",ACTUAL,WATER/FLOOD,200 USD,0 USD,29,CT - HARTFORD SPRINGFIELD,0 USD
https://www.copart.com/lotDetail/52111191,52111191,0 USD,10/28/2021 04:00 pm CEST,2020,AUDI,Q5 PREMIUM,2.0L  4,4,WA1BNAFY2L2000646,L030,CERT OF TITLE SLVG REBUILDABLE,0 N,NOT ACTUAL,FRONT END,175 USD,0 USD,251,CT - HARTFORD SPRINGFIELD,0 USD
https://www.copart.com/lotDetail/52380051,52380051,"59,000 USD",10/28/2021 04:00 pm CEST,1993,LAND ROVER,RANGE ROVE,4.2L  8,8,SALHC134XPA631205,G040,CERT OF TITLE,"73,365 E",EXEMPT,MINOR DENT/SCRATCHES,200 USD,0 USD,8,CT - HARTFORD SPRINGFIELD,0 USD
https://www.copart.com/lotDetail/53384901,53384901,"13,595 USD",10/28/2021 04:00 pm CEST,2013,HONDA,PILOT EX,3.5L  6,6,5FNYF4H49DB024708,K040,CERT OF TITLE-SALVAGE,"124,763 A",ACTUAL,FRONT END,"1,600 USD",0 USD,149,CT - HARTFORD SPRINGFIELD,"4,698 USD"
https://www.copart.com/lotDetail/53480551,53480551,"20,304 USD",10/28/2021 04:00 pm CEST,2018,HONDA,CIVIC LX,2.0L  4,4,2HGFC2F54JH562739,A010,CERT OF TITLE-SALVAGE,"34,861 A",ACTUAL,FRONT END,"3,100 USD",0 USD,136,CT - HARTFORD SPRINGFIELD,"10,819 USD"
https://www.copart.com/lotDetail/53644721,53644721,0 USD,10/28/2021 04:00 pm CEST,2006,TOYOTA,4RUNNER SR,4.7L  8,8,JTEBT14R768035235,G030,CERTIFICATE OF TITLE,"242,147 A",ACTUAL,MINOR DENT/SCRATCHES,200 USD,0 USD,184,CT - HARTFORD SPRINGFIELD,0 USD
https://www.copart.com/lotDetail/53902151,53902151,0 USD,10/28/2021 04:00 pm CEST,2004,JEEP,LIBERTY SP,3.7L  6,6,1J4GL48K74W167522,K020,CERT OF TITLE-SALVAGE,"139,786 A",ACTUAL,UNDERCARRIAGE,375 USD,0 USD,16,CT - HARTFORD SPRINGFIELD,0 USD
https://www.copart.com/lotDetail/53989841,53989841,"18,784 USD",10/28/2021 04:00 pm CEST,2018,HYUNDAI,ELANTRA SE,2.0L  4,4,5NPD84LF8JH371333,A010,CERT OF TITLE-PARTS ONLY SALVA,"38,250 A",ACTUAL,ALL OVER,"2,700 USD",0 USD,234,CT - HARTFORD SPRINGFIELD,"18,020 USD"
https://www.copart.com/lotDetail/54028031,54028031,"54,612 USD",10/28/2021 04:00 pm CEST,2016,LAND ROVER,RANGE ROVE,3.0L  6,6,SALGS2VF3GA263999,F040,CERTIFICATE OF TITLE,"173,560 A",ACTUAL,NORMAL WEAR,"23,700 USD",0 USD,181,CT - HARTFORD SPRINGFIELD,0 USD
https://www.copart.com/lotDetail/54498421,54498421,"25,203 USD",10/28/2021 04:00 pm CEST,2017,HYUNDAI,SONATA SPO,2.4L  4,4,5NPE34AF5HH592100,H030,CERT OF TITLE-SALVAGE,0 N,NOT ACTUAL,ALL OVER,"1,150 USD",0 USD,176,CT - HARTFORD SPRINGFIELD,"24,160 USD"
https://www.copart.com/lotDetail/54544521,54544521,0 USD,10/28/2021 04:00 pm CEST,2009,SUBARU,IMPREZA 2.,2.5L  4,4,JF1GE616X9G511313,J030,CERTIFICATE OF TITLE,"109,885 A",ACTUAL,MINOR DENT/SCRATCHES,"1,700 USD",0 USD,74,CT - HARTFORD SPRINGFIELD,0 USD
https://www.copart.com/lotDetail/55029881,55029881,"20,193 USD",10/28/2021 04:00 pm CEST,2015,AUDI,Q5 PREMIUM,3.0L  6,6,WA1DGAFP8FA087456,HVY1,CERT OF TITLE-SALVAGE,"119,962 A",ACTUAL,FRONT END,"1,600 USD",0 USD,167,CT - HARTFORD SPRINGFIELD,0 USD
https://www.copart.com/lotDetail/55336791,55336791,0 USD,10/28/2021 04:00 pm CEST,2015,TOYOTA,SCION TC,2.5L  4,4,JTKJF5C7XFJ004884,G030,CERTIFICATE OF TITLE (P),"103,636 A",ACTUAL,MINOR DENT/SCRATCHES,825 USD,0 USD,164,CT - HARTFORD SPRINGFIELD,0 USD
https://www.copart.com/lotDetail/55460941,55460941,"23,025 USD",10/28/2021 04:00 pm CEST,2015,HYUNDAI,GENESIS 3.,3.8L  6,6,KMHGN4JE0FU039461,HVY2,CERT OF TITLE-SALVAGE,"74,885 A",ACTUAL,VANDALISM,"3,250 USD",0 USD,139,CT - HARTFORD SPRINGFIELD,"8,409 USD"
https://www.copart.com/lotDetail/55490681,55490681,0 USD,10/28/2021 04:00 pm CEST,1974,BUICK,REGAL,,,4J57H4G138883,I050,CERTIFICATE OF TITLE,"32,760 A",ACTUAL,MINOR DENT/SCRATCHES,825 USD,0 USD,3,CT - HARTFORD SPRINGFIELD,0 USD
https://www.copart.com/lotDetail/55643251,55643251,"16,097 USD",10/28/2021 04:00 pm CEST,2015,HONDA,ACCORD EXL,2.4L  4,4,1HGCR2F86FA014324,B010,CERT OF TITLE-SALVAGE,"109,115 A",ACTUAL,SIDE,"2,500 USD",0 USD,143,CT - HARTFORD SPRINGFIELD,"12,024 USD"
https://www.copart.com/lotDetail/55923891,55923891,"14,834 USD",10/28/2021 04:00 pm CEST,2014,MERCEDES-BENZ,C 300 4MAT,3.5L  6,6,WDDGF8AB6EA953010,I030,CERT OF TITLE-SALVAGE,"120,424 A",ACTUAL,VANDALISM,"4,550 USD",0 USD,226,CT - HARTFORD SPRINGFIELD,"2,231 USD"
https://www.copart.com/lotDetail/55972671,55972671,0 USD,10/28/2021 04:00 pm CEST,2013,KIA,SOUL,1.6L  4,4,KNDJT2A50D7614125,HVY2,CERTIFICATE OF TITLE,"128,131 A",ACTUAL,MINOR DENT/SCRATCHES,825 USD,0 USD,24,CT - HARTFORD SPRINGFIELD,0 USD
https://www.copart.com/lotDetail/56065821,56065821,"15,872 USD",10/28/2021 04:00 pm CEST,2016,TOYOTA,COROLLA L,1.8L  4,4,5YFBURHE6GP410402,K040,CERT OF TITLE-SALVAGE,"65,298 A",ACTUAL,WATER/FLOOD,"4,100 USD",0 USD,196,CT - HARTFORD SPRINGFIELD,"16,379 USD"
https://www.copart.com/lotDetail/56197251,56197251,0 USD,10/28/2021 04:00 pm CEST,2004,TOYOTA,COROLLA CE,1.8L  4,4,2T1BR32E44C294572,I040,CERTIFICATE OF TITLE,"299,741 A",ACTUAL,FRONT END,"1,100 USD",0 USD,17,CT - HARTFORD SPRINGFIELD,0 USD
https://www.copart.com/lotDetail/56197531,56197531,0 USD,10/28/2021 04:00 pm CEST,1985,MERCEDES-BENZ,300 DT,3.0L  5,5,WDBAB33C7FA253419,L030,CERTIFICATE OF TITLE,"293,237 E",EXEMPT,MINOR DENT/SCRATCHES,825 USD,0 USD,5,CT - HARTFORD SPRINGFIELD,0 USD
https://www.copart.com/lotDetail/56344401,56344401,0 USD,10/28/2021 04:00 pm CEST,2010,TOYOTA,PRIUS,1.8L  4,4,JTDKN3DU7A0164386,K030,CERTIFICATE OF TITLE,"222,824 E",EXEMPT,MINOR DENT/SCRATCHES,200 USD,0 USD,145,CT - HARTFORD SPRINGFIELD,0 USD
https://www.copart.com/lotDetail/56360151,56360151,0 USD,10/28/2021 04:00 pm CEST,1988,PONTIAC,FIERO,2.8L  6,6,1G2PE1193JP221799,H040,BILL OF SALE (P),"102,353 A",ACTUAL,MINOR DENT/SCRATCHES,200 USD,0 USD,2,CT - HARTFORD SPRINGFIELD,0 USD
https://www.copart.com/lotDetail/56399841,56399841,0 USD,10/28/2021 04:00 pm CEST,2015,TOYOTA,SIENNA LE,3.5L  6,6,5TDKK3DC4FS559016,G020,CERTIFICATE OF TITLE,"323,997 A",ACTUAL,MINOR DENT/SCRATCHES,"7,000 USD",0 USD,163,CT - HARTFORD SPRINGFIELD,0 USD
https://www.copart.com/lotDetail/56400021,56400021,0 USD,10/28/2021 04:00 pm CEST,2014,JEEP,GRAND CHER,3.6L  6,6,1C4RJFBG2EC301859,G020,AFFIDAVIT OF REPOSSESSION,"132,261 A",ACTUAL,MINOR DENT/SCRATCHES,"6,500 USD",0 USD,114,CT - HARTFORD SPRINGFIELD,0 USD
https://www.copart.com/lotDetail/56653551,56653551,0 USD,10/28/2021 04:00 pm CEST,2005,JEEP,GRAND CHER,3.7L  6,6,1J4GR48K35C652760,K050,CERTIFICATE OF TITLE,"167,935 A",ACTUAL,MINOR DENT/SCRATCHES,825 USD,0 USD,44,CT - HARTFORD SPRINGFIELD,0 USD
https://www.copart.com/lotDetail/56695551,56695551,"12,782 USD",10/28/2021 04:00 pm CEST,2013,TOYOTA,COROLLA BA,1.8L  4,4,2T1BU4EE9DC009655,J020,CERT OF TITLE-SALVAGE,"47,007 A",ACTUAL,REAR END,"2,100 USD",0 USD,116,CT - HARTFORD SPRINGFIELD,"5,805 USD"
https://www.copart.com/lotDetail/56996751,56996751,"23,417 USD",10/28/2021 04:00 pm CEST,2019,NISSAN,ROGUE S,2.5L  4,4,5N1AT2MV1KC746466,HVY1,CERT OF TITLE-SALVAGE,"29,040 A",ACTUAL,FRONT END,"1,600 USD",0 USD,211,CT - HARTFORD SPRINGFIELD,"19,007 USD"
https://www.copart.com/lotDetail/57028731,57028731,0 USD,10/28/2021 04:00 pm CEST,2010,SUBARU,OUTBACK 2.,2.5L  4,4,4S4BRBACXA1338984,G020,CERTIFICATE OF TITLE,"183,153 A",ACTUAL,MINOR DENT/SCRATCHES,825 USD,0 USD,84,CT - HARTFORD SPRINGFIELD,0 USD
https://www.copart.com/lotDetail/57106591,57106591,"18,480 USD",10/28/2021 04:00 pm CEST,2021,NISSAN,VERSA S,1.6L  4,4,3N1CN8DVXML819063,C010,CERT OF TITLE-SALVAGE,"3,482 A",ACTUAL,FRONT END,"3,000 USD",0 USD,231,CT - HARTFORD SPRINGFIELD,"19,320 USD"
https://www.copart.com/lotDetail/57181421,57181421,0 USD,10/28/2021 04:00 pm CEST,2008,FORD,ECONOLINE,4.6L  8,8,1FTNS24W18DA41882,HVY3,CERTIFICATE OF TITLE,"283,593 A",ACTUAL,FRONT END,200 USD,0 USD,102,CT - HARTFORD SPRINGFIELD,0 USD
https://www.copart.com/lotDetail/57346481,57346481,"31,287 USD",10/28/2021 04:00 pm CEST,2017,AUDI,A4 PREMIUM,2.0L  4,4,WAUANAF42HN023796,C010,CERT OF TITLE-FLOOD SALVAGE,"10,666 A",ACTUAL,WATER/FLOOD,"7,700 USD",0 USD,201,CT - HARTFORD SPRINGFIELD,"30,813 USD"
https://www.copart.com/lotDetail/57400281,57400281,"16,592 USD",10/28/2021 04:00 pm CEST,2015,TOYOTA,RAV4 LE,2.5L  4,4,2T3BFREV9FW260613,C010,CERT OF TITLE-SALVAGE,"99,819 A",ACTUAL,FRONT END,"3,750 USD",0 USD,151,CT - HARTFORD SPRINGFIELD,"14,399 USD"
https://www.copart.com/lotDetail/57417351,57417351,0 USD,10/28/2021 04:00 pm CEST,2016,MERCEDES-BENZ,GLE 63 AMG,5.5L  8,8,4JGDA7FB4GA652443,F020,CERTIFICATE OF TITLE,"56,915 A",ACTUAL,MINOR DENT/SCRATCHES,200 USD,0 USD,191,CT - HARTFORD SPRINGFIELD,0 USD
https://www.copart.com/lotDetail/57585361,57585361,"6,950 USD",10/28/2021 04:00 pm CEST,2004,CHEVROLET,AVALANCHE,5.3L  8,8,3GNEK12T14G219166,G010,CERT OF TITLE-SALVAGE,"151,050 A",ACTUAL,SIDE,825 USD,0 USD,13,CT - HARTFORD SPRINGFIELD,"5,461 USD"
https://www.copart.com/lotDetail/57611741,57611741,0 USD,10/28/2021 04:00 pm CEST,2006,TOYOTA,RAV4 LIMIT,3.5L  6,6,JTMBK31V465007446,G030,CERTIFICATE OF TITLE,"212,504 A",ACTUAL,MINOR DENT/SCRATCHES,"1,200 USD",0 USD,82,CT - HARTFORD SPRINGFIELD,0 USD
https://www.copart.com/lotDetail/57613451,57613451,0 USD,10/28/2021 04:00 pm CEST,2016,MERCEDES-BENZ,C 300 4MAT,2.0L  4,4,55SWF4KB9GU100879,F030,CERTIFICATE OF TITLE,"99,503 A",ACTUAL,MINOR DENT/SCRATCHES,225 USD,0 USD,186,CT - HARTFORD SPRINGFIELD,0 USD
https://www.copart.com/lotDetail/57878661,57878661,0 USD,10/28/2021 04:00 pm CEST,2012,MERCEDES-BENZ,ML 350 4MA,3.5L  6,6,4JGDA5HB0CA002634,F020,CERTIFICATE OF TITLE,"82,816 A",ACTUAL,MINOR DENT/SCRATCHES,825 USD,0 USD,97,CT - HARTFORD SPRINGFIELD,0 USD
https://www.copart.com/lotDetail/57987461,57987461,0 USD,10/28/2021 04:00 pm CEST,2008,HYUNDAI,SANTA FE G,2.7L  6,6,5NMSG73DX8H168896,L040,CERTIFICATE OF TITLE,"230,341 A",ACTUAL,FRONT END,825 USD,0 USD,64,CT - HARTFORD SPRINGFIELD,0 USD
https://www.copart.com/lotDetail/58083391,58083391,0 USD,10/28/2021 04:00 pm CEST,2005,FORD,RANGER SUP,3.0L  6,6,1FTYR14U05PA42971,G020,CERTIFICATE OF TITLE (P),"187,314 A",ACTUAL,MECHANICAL,200 USD,0 USD,22,CT - HARTFORD SPRINGFIELD,0 USD
https://www.copart.com/lotDetail/58145111,58145111,"51,761 USD",10/28/2021 04:00 pm CEST,2017,AUDI,S6 PREMIUM,4.0L  8,8,WAUFFBFC5HN116845,H040,CERT OF TITLE-SALVAGE,"50,989 A",ACTUAL,ALL OVER,"8,600 USD",0 USD,239,CT - HARTFORD SPRINGFIELD,"37,689 USD"
https://www.copart.com/lotDetail/58260061,58260061,0 USD,10/28/2021 04:00 pm CEST,2014,SMART,FORTWO,,,WMEEJ9AAXEK730588,H030,CERTIFICATE OF TITLE,0 N,NOT ACTUAL,MINOR DENT/SCRATCHES,"2,100 USD",0 USD,121,CT - HARTFORD SPRINGFIELD,0 USD
https://www.copart.com/lotDetail/58299521,58299521,0 USD,10/28/2021 04:00 pm CEST,2014,TOYOTA,TACOMA,2.7L  4,4,5TFPX4EN9EX019263,K050,CERTIFICATE OF TITLE,"209,379 A",ACTUAL,REAR END,"8,700 USD",0 USD,124,CT - HARTFORD SPRINGFIELD,0 USD
https://www.copart.com/lotDetail/58335261,58335261,"7,704 USD",10/28/2021 04:00 pm CEST,2012,VOLKSWAGEN,PASSAT S,2.5L  5,5,1VWAP7A31CC065246,I020,CERT OF TITLE-SALVAGE,"142,588 A",ACTUAL,REAR END,975 USD,0 USD,141,CT - HARTFORD SPRINGFIELD,"5,863 USD"
https://www.copart.com/lotDetail/58502521,58502521,"5,125 USD",10/28/2021 04:00 pm CEST,2005,CADILLAC,STS,4.6L  8,8,1G6DC67A850164780,R010,CERT OF TITLE-SALVAGE,"147,373 A",ACTUAL,FRONT END,200 USD,0 USD,19,CT - HARTFORD SPRINGFIELD,"5,111 USD"
https://www.copart.com/lotDetail/58673271,58673271,"5,915 USD",10/28/2021 04:00 pm CEST,2011,VOLKSWAGEN,JETTA S,2.5L  5,5,3VWPZ7AJ9BM612764,A010,CERT OF TITLE-SALVAGE,"184,601 A",ACTUAL,REAR END,200 USD,0 USD,112,CT - HARTFORD SPRINGFIELD,"2,435 USD"
https://www.copart.com/lotDetail/59018601,59018601,0 USD,10/28/2021 04:00 pm CEST,2002,GMC,YUKON XL K,5.3L  8,8,3GKFK16Z72G303148,H010,CERTIFICATE OF TITLE (P),"290,882 A",ACTUAL,MINOR DENT/SCRATCHES,200 USD,0 USD,9,CT - HARTFORD SPRINGFIELD,0 USD
https://www.copart.com/lotDetail/59026051,59026051,0 USD,10/28/2021 04:00 pm CEST,2002,CHEVROLET,SILVERADO,5.3L  8,8,1GCEK14T82Z284387,J010,CERTIFICATE OF TITLE,"143,330 A",ACTUAL,REAR END,200 USD,0 USD,7,CT - HARTFORD SPRINGFIELD,0 USD
https://www.copart.com/lotDetail/59043641,59043641,"5,102 USD",10/28/2021 04:00 pm CEST,2005,JEEP,GRAND CHER,3.7L  6,6,1J4GR48K55C669656,L030,CERT OF TITLE-PARTS ONLY SALVA,"157,524 A",ACTUAL,FRONT END,625 USD,0 USD,25,CT - HARTFORD SPRINGFIELD,"7,281 USD"
https://www.copart.com/lotDetail/59072901,59072901,0 USD,10/28/2021 04:00 pm CEST,2015,SUBARU,XV CROSSTR,2.0L  4,4,JF2GPAFCXF8315451,G040,CERTIFICATE OF TITLE,"213,533 A",ACTUAL,MINOR DENT/SCRATCHES,"3,400 USD",0 USD,159,CT - HARTFORD SPRINGFIELD,0 USD
https://www.copart.com/lotDetail/59099171,59099171,0 USD,10/28/2021 04:00 pm CEST,2016,KIA,SOUL,1.6L  4,4,KNDJN2A27G7288120,H020,CERTIFICATE OF TITLE,"53,720 A",ACTUAL,SIDE,"2,400 USD",0 USD,244,CT - HARTFORD SPRINGFIELD,0 USD
https://www.copart.com/lotDetail/59111571,59111571,0 USD,10/28/2021 04:00 pm CEST,2015,NISSAN,FRONTIER S,4.0L  6,6,1N6AD0EV7FN748363,G030,CERTIFICATE OF TITLE,"167,824 A",ACTUAL,MINOR DENT/SCRATCHES,"8,100 USD",0 USD,154,CT - HARTFORD SPRINGFIELD,0 USD
https://www.copart.com/lotDetail/59165501,59165501,0 USD,10/28/2021 04:00 pm CEST,2005,CHEVROLET,SILVERADO,5.3L  8,8,2GCEK19B151261367,L030,CERTIFICATE OF TITLE,"101,308 A",ACTUAL,MINOR DENT/SCRATCHES,200 USD,0 USD,21,CT - HARTFORD SPRINGFIELD,0 USD
https://www.copart.com/lotDetail/59551181,59551181,0 USD,10/28/2021 04:00 pm CEST,2005,JEEP,LIBERTY LI,3.7L  6,6,1J4GL58K05W720325,J040,CERTIFICATE OF TITLE,"211,094 A",ACTUAL,REAR END,200 USD,0 USD,26,CT - HARTFORD SPRINGFIELD,0 USD
https://www.copart.com/lotDetail/59616161,59616161,0 USD,10/28/2021 04:00 pm CEST,2014,CHEVROLET,SILVERADO,4.3L  6,6,3GCUKREHXEG388162,L040,CERTIFICATE OF TITLE,"229,108 A",ACTUAL,MINOR DENT/SCRATCHES,"5,100 USD",0 USD,111,CT - HARTFORD SPRINGFIELD,0 USD
https://www.copart.com/lotDetail/59623531,59623531,0 USD,10/28/2021 04:00 pm CEST,2013,MERCEDES-BENZ,GL 450 4MA,4.6L  8,8,4JGDF7CE8DA256348,J050,CERTIFICATE OF TITLE,"117,082 A",ACTUAL,MINOR DENT/SCRATCHES,"13,500 USD",0 USD,104,CT - HARTFORD SPRINGFIELD,0 USD
https://www.copart.com/lotDetail/59855061,59855061,0 USD,10/28/2021 04:00 pm CEST,2008,TOYOTA,HIGHLANDER,3.3L  6,6,JTEEW41A482008147,G030,CERTIFICATE OF TITLE (P),"264,863 A",ACTUAL,MINOR DENT/SCRATCHES,825 USD,0 USD,67,CT - HARTFORD SPRINGFIELD,0 USD
https://www.copart.com/lotDetail/59882491,59882491,0 USD,10/28/2021 04:00 pm CEST,2005,GMC,NEW SIERRA,5.3L  8,8,2GTEK13T751244879,*OFF,CERT OF TITLE-SALVAGE (P),"153,612 A",ACTUAL,MINOR DENT/SCRATCHES,825 USD,0 USD,41,CT - HARTFORD SPRINGFIELD,0 USD
https://www.copart.com/lotDetail/59893351,59893351,0 USD,10/28/2021 04:00 pm CEST,2016,LAND ROVER,RANGE ROVE,2.0L  4,4,SALVR2BG1GH149166,G040,CERTIFICATE OF TITLE,"130,100 A",ACTUAL,MINOR DENT/SCRATCHES,175 USD,0 USD,179,CT - HARTFORD SPRINGFIELD,0 USD
https://www.copart.com/lotDetail/59916471,59916471,"14,191 USD",10/28/2021 04:00 pm CEST,2014,ACURA,TL TECH,3.7L  6,6,19UUA9F50EA001920,H030,CERT OF TITLE-SALVAGE,"177,564 A",ACTUAL,FRONT END,"1,500 USD",0 USD,216,CT - HARTFORD SPRINGFIELD,"10,495 USD"
https://www.copart.com/lotDetail/59964141,59964141,0 USD,10/28/2021 04:00 pm CEST,2012,KIA,OPTIMA LX,2.4L  4,4,5XXGM4A7XCG047786,J030,CERTIFICATE OF TITLE,"192,305 A",ACTUAL,MINOR DENT/SCRATCHES,750 USD,0 USD,175,CT - HARTFORD SPRINGFIELD,0 USD
https://www.copart.com/lotDetail/59987661,59987661,0 USD,10/28/2021 04:00 pm CEST,2013,FORD,F350 SUPER,6.7L  8,8,1FDRF3HT1DEA36791,HVY3,CERTIFICATE OF TITLE (P),"82,635 A",ACTUAL,MINOR DENT/SCRATCHES,825 USD,0 USD,185,CT - HARTFORD SPRINGFIELD,0 USD
https://www.copart.com/lotDetail/59989331,59989331,0 USD,10/28/2021 04:00 pm CEST,2016,HYUNDAI,TUCSON LIM,1.6L  4,4,KM8J3CA20GU049162,G030,CERTIFICATE OF TITLE,"106,714 A",ACTUAL,FRONT END,"8,200 USD",0 USD,173,CT - HARTFORD SPRINGFIELD,0 USD
https://www.copart.com/lotDetail/60023821,60023821,"14,909 USD",10/28/2021 04:00 pm CEST,2013,BMW,X3 XDRIVE3,3.0L  6,6,5UXWX7C58DL980618,S020,CERT OF TITLE-SALVAGE,"116,642 A",ACTUAL,WATER/FLOOD,"1,100 USD",0 USD,213,CT - HARTFORD SPRINGFIELD,"11,075 USD"
https://www.copart.com/lotDetail/60029161,60029161,0 USD,10/28/2021 04:00 pm CEST,2015,SUBARU,OUTBACK 2.,2.5L  4,4,4S4BSACC8F3328364,H050,CERTIFICATE OF TITLE,"191,665 A",ACTUAL,MINOR DENT/SCRATCHES,"3,400 USD",0 USD,161,CT - HARTFORD SPRINGFIELD,0 USD
https://www.copart.com/lotDetail/60052641,60052641,0 USD,10/28/2021 04:00 pm CEST,2008,LEXUS,ES 350,3.5L  6,6,JTHBJ46G682259852,G030,CERTIFICATE OF TITLE,"173,070 A",ACTUAL,FRONT END,825 USD,0 USD,108,CT - HARTFORD SPRINGFIELD,0 USD
https://www.copart.com/lotDetail/60219861,60219861,0 USD,10/28/2021 04:00 pm CEST,2007,TOYOTA,CAMRY CE,2.4L  4,4,4T1BE46K97U042692,G030,CERTIFICATE OF TITLE (P),"251,651 E",EXEMPT,FRONT END,250 USD,0 USD,95,CT - HARTFORD SPRINGFIELD,0 USD
https://www.copart.com/lotDetail/60231771,60231771,"24,613 USD",10/28/2021 04:00 pm CEST,2018,HONDA,ACCORD SPO,2.0L  4,4,1HGCV2E38JA001228,J020,CERT OF TITLE-SALVAGE,"46,472 A",ACTUAL,FRONT END,"1,900 USD",0 USD,253,CT - HARTFORD SPRINGFIELD,"20,047 USD"
https://www.copart.com/lotDetail/60237781,60237781,"32,000 USD",10/28/2021 04:00 pm CEST,1920,FORD,MODEL T,,,4628088,GARG,BILL OF SALE (P),0 E,EXEMPT,MINOR DENT/SCRATCHES,"12,700 USD",0 USD,1,CT - HARTFORD SPRINGFIELD,0 USD
https://www.copart.com/lotDetail/60242811,60242811,0 USD,10/28/2021 04:00 pm CEST,2014,MERCEDES-BENZ,ML 350 4MA,3.5L  6,6,4JGDA5HB0EA357757,G050,CERTIFICATE OF TITLE,"121,827 A",ACTUAL,MINOR DENT/SCRATCHES,200 USD,0 USD,117,CT - HARTFORD SPRINGFIELD,0 USD
https://www.copart.com/lotDetail/60295781,60295781,0 USD,10/28/2021 04:00 pm CEST,2006,LEXUS,GS 300,3.0L  6,6,JTHCH96S260013438,G020,CERTIFICATE OF TITLE,"225,507 A",ACTUAL,MINOR DENT/SCRATCHES,200 USD,0 USD,68,CT - HARTFORD SPRINGFIELD,0 USD
https://www.copart.com/lotDetail/60296261,60296261,0 USD,10/28/2021 04:00 pm CEST,2012,NISSAN,VERSA S,1.6L  4,4,3N1CN7AP1CL809424,K030,CERTIFICATE OF TITLE,"180,221 A",ACTUAL,SIDE,200 USD,0 USD,178,CT - HARTFORD SPRINGFIELD,0 USD
https://www.copart.com/lotDetail/60348331,60348331,0 USD,10/28/2021 04:00 pm CEST,2010,FORD,TRANSIT CO,2.0L  4,4,NM0LS6ANXAT019012,K010,CERTIFICATE OF TITLE,"343,131 A",ACTUAL,MINOR DENT/SCRATCHES,"1,000 USD",0 USD,77,CT - HARTFORD SPRINGFIELD,0 USD
https://www.copart.com/lotDetail/60348781,60348781,0 USD,10/28/2021 04:00 pm CEST,2013,BMW,X5 M,4.4L  8,8,5YMGY0C55DLL15659,G020,CERTIFICATE OF TITLE,"184,445 A",ACTUAL,MECHANICAL,"6,600 USD",0 USD,101,CT - HARTFORD SPRINGFIELD,0 USD
https://www.copart.com/lotDetail/60349011,60349011,0 USD,10/28/2021 04:00 pm CEST,2016,TOYOTA,PRIUS C,1.5L  4,4,JTDKDTB33G1132129,G040,CERTIFICATE OF TITLE,"161,756 A",ACTUAL,ALL OVER,"2,400 USD",0 USD,203,CT - HARTFORD SPRINGFIELD,0 USD
https://www.copart.com/lotDetail/60370591,60370591,0 USD,10/28/2021 04:00 pm CEST,2007,HONDA,RIDGELINE,3.5L  6,6,2HJYK16367H545867,H010,CERTIFICATE OF TITLE,"184,413 A",ACTUAL,SIDE,250 USD,0 USD,92,CT - HARTFORD SPRINGFIELD,0 USD
https://www.copart.com/lotDetail/60458791,60458791,0 USD,10/28/2021 04:00 pm CEST,2004,DODGE,DAKOTA QUA,4.7L  8,8,1D7HG38N64S518355,I050,CERTIFICATE OF TITLE,"141,962 A",ACTUAL,MINOR DENT/SCRATCHES,200 USD,0 USD,14,CT - HARTFORD SPRINGFIELD,0 USD
https://www.copart.com/lotDetail/60519011,60519011,0 USD,10/28/2021 04:00 pm CEST,2012,INFINITI,G37,3.7L  6,6,JN1CV6AR1CM673412,K020,CERTIFICATE OF TITLE,"165,219 A",ACTUAL,ALL OVER,200 USD,0 USD,172,CT - HARTFORD SPRINGFIELD,0 USD
https://www.copart.com/lotDetail/60520811,60520811,0 USD,10/28/2021 04:00 pm CEST,2020,NISSAN,FRONTIER S,3.8L  6,6,1N6ED0CF9LN704549,I010,CERTIFICATE OF TITLE,"2,590 A",ACTUAL,FRONT END,"3,100 USD",0 USD,242,CT - HARTFORD SPRINGFIELD,0 USD
https://www.copart.com/lotDetail/60532081,60532081,0 USD,10/28/2021 04:00 pm CEST,2007,HONDA,CR-V LX,2.4L  4,4,JHLRE48377C025357,K040,CERTIFICATE OF TITLE,"210,299 E",EXEMPT,MINOR DENT/SCRATCHES,825 USD,0 USD,88,CT - HARTFORD SPRINGFIELD,0 USD
https://www.copart.com/lotDetail/60548321,60548321,0 USD,10/28/2021 04:00 pm CEST,2011,CHEVROLET,CRUZE LT,1.4L  4,4,1G1PG5S94B7179620,K030,CERTIFICATE OF TITLE,"142,050 A",ACTUAL,FRONT END,200 USD,0 USD,250,CT - HARTFORD SPRINGFIELD,0 USD
https://www.copart.com/lotDetail/60696081,60696081,"18,068 USD",10/28/2021 04:00 pm CEST,2015,SUBARU,OUTBACK 2.,2.5L  4,4,4S4BSACC3F3324285,L020,CERT OF TITLE-SALVAGE,"72,594 A",ACTUAL,FRONT END,"2,750 USD",0 USD,229,CT - HARTFORD SPRINGFIELD,"12,445 USD"
https://www.copart.com/lotDetail/60726241,60726241,0 USD,10/28/2021 04:00 pm CEST,2014,JEEP,CHEROKEE L,3.2L  6,6,1C4PJMDS7EW265033,J040,CERTIFICATE OF TITLE,"240,827 A",ACTUAL,MINOR DENT/SCRATCHES,"2,900 USD",0 USD,197,CT - HARTFORD SPRINGFIELD,0 USD
https://www.copart.com/lotDetail/60728061,60728061,0 USD,10/28/2021 04:00 pm CEST,2014,CHEVROLET,EXPRESS G1,5.3L  8,8,1GCSHAF43E1148775,L040,CERTIFICATE OF TITLE,"411,793 A",ACTUAL,ALL OVER,525 USD,0 USD,202,CT - HARTFORD SPRINGFIELD,0 USD
https://www.copart.com/lotDetail/60778071,60778071,0 USD,10/28/2021 04:00 pm CEST,2007,HYUNDAI,SANTA FE S,3.3L  6,6,5NMSH13E27H038242,G020,CERTIFICATE OF TITLE,"181,118 A",ACTUAL,SIDE,825 USD,0 USD,57,CT - HARTFORD SPRINGFIELD,0 USD
https://www.copart.com/lotDetail/60824811,60824811,"9,685 USD",10/28/2021 04:00 pm CEST,2013,HYUNDAI,TUCSON GLS,2.4L  4,4,KM8JU3AC7DU685191,HVY2,CERT OF TITLE-SALVAGE,"133,768 A",ACTUAL,FRONT END,850 USD,0 USD,206,CT - HARTFORD SPRINGFIELD,"9,415 USD"
https://www.copart.com/lotDetail/60859041,60859041,"20,008 USD",10/28/2021 04:00 pm CEST,2016,NISSAN,ROGUE S,2.5L  4,4,5N1AT2MV4GC918836,L040,CERT OF TITLE-SALVAGE,"65,429 A",ACTUAL,ALL OVER,"1,300 USD",0 USD,193,CT - HARTFORD SPRINGFIELD,"29,523 USD"
https://www.copart.com/lotDetail/60898851,60898851,0 USD,10/28/2021 04:00 pm CEST,2016,BMW,X5 XDR40E,2.0L  4,4,5UXKT0C53G0S75023,F030,CERTIFICATE OF TITLE (P),"72,434 A",ACTUAL,MINOR DENT/SCRATCHES,"20,100 USD",0 USD,169,CT - HARTFORD SPRINGFIELD,0 USD
https://www.copart.com/lotDetail/60899071,60899071,0 USD,10/28/2021 04:00 pm CEST,2007,DODGE,RAM 2500 S,5.9L  6,6,1D7KS28C97J508328,J010,CERTIFICATE OF TITLE,"174,316 E",EXEMPT,REAR END,"4,050 USD",0 USD,54,CT - HARTFORD SPRINGFIELD,0 USD
https://www.copart.com/lotDetail/60925991,60925991,"15,000 USD",10/28/2021 04:00 pm CEST,2012,BMW,335 I,3.0L  6,6,WBA3A9C56CF270922,S010,CERTIFICATE OF TITLE,"44,070 A",ACTUAL,MECHANICAL,200 USD,0 USD,160,CT - HARTFORD SPRINGFIELD,0 USD
https://www.copart.com/lotDetail/60926481,60926481,"15,500 USD",10/28/2021 04:00 pm CEST,2019,NISSAN,SENTRA S,1.8L  4,4,3N1AB7AP3KY418339,K040,CERTIFICATE OF TITLE,"37,050 A",ACTUAL,FRONT END,"1,850 USD",0 USD,238,CT - HARTFORD SPRINGFIELD,0 USD
https://www.copart.com/lotDetail/60927731,60927731,0 USD,10/28/2021 04:00 pm CEST,2013,BMW,X5 XDRIVE3,3.0L  6,6,5UXZW0C54D0B91457,F020,CERTIFICATE OF TITLE,"180,173 A",ACTUAL,MINOR DENT/SCRATCHES,"4,650 USD",0 USD,180,CT - HARTFORD SPRINGFIELD,0 USD
https://www.copart.com/lotDetail/60927851,60927851,0 USD,10/28/2021 04:00 pm CEST,2013,TOYOTA,SIENNA LE,3.5L  6,6,5TDJK3DC5DS050982,K050,CERTIFICATE OF TITLE,"202,282 A",ACTUAL,MINOR DENT/SCRATCHES,200 USD,0 USD,195,CT - HARTFORD SPRINGFIELD,0 USD
https://www.copart.com/lotDetail/60928001,60928001,0 USD,10/28/2021 04:00 pm CEST,2019,TOYOTA,HIGHLANDER,3.5L  6,6,5TDJGRFH2KS062355,G030,CERTIFICATE OF TITLE (P),"145,687 A",ACTUAL,MINOR DENT/SCRATCHES,250 USD,0 USD,240,CT - HARTFORD SPRINGFIELD,0 USD
https://www.copart.com/lotDetail/60928681,60928681,0 USD,10/28/2021 04:00 pm CEST,2005,TOYOTA,COROLLA CE,1.8L  4,4,1NXBR32E85Z378507,G050,CERTIFICATE OF TITLE,"180,334 A",ACTUAL,SIDE,850 USD,0 USD,62,CT - HARTFORD SPRINGFIELD,0 USD
https://www.copart.com/lotDetail/60960521,60960521,"4,995 USD",10/28/2021 04:00 pm CEST,2003,TOYOTA,COROLLA CE,1.8L  4,4,JTDBR32E432011603,J040,CERT OF TITLE-SALVAGE,"103,003 A",ACTUAL,FRONT END,825 USD,0 USD,11,CT - HARTFORD SPRINGFIELD,"3,281 USD"
https://www.copart.com/lotDetail/61015091,61015091,0 USD,10/28/2021 04:00 pm CEST,2015,NISSAN,SENTRA S,1.8L  4,4,3N1AB7APXFL661858,K040,CERTIFICATE OF TITLE (P),"96,134 A",ACTUAL,FRONT END,175 USD,0 USD,156,CT - HARTFORD SPRINGFIELD,0 USD
https://www.copart.com/lotDetail/61020441,61020441,"3,189 USD",10/28/2021 04:00 pm CEST,2001,TOYOTA,CELICA GT,1.8L  4,4,JTDDR32T110081740,A010,CERT OF TITLE-SALVAGE,"258,363 A",ACTUAL,FRONT END,200 USD,0 USD,6,CT - HARTFORD SPRINGFIELD,"3,008 USD"
https://www.copart.com/lotDetail/61044771,61044771,"22,707 USD",10/28/2021 04:00 pm CEST,2019,TOYOTA,C-HR XLE,2.0L  4,4,NMTKHMBX3KR090343,K040,CERT OF TITLE-SLVG REBLD FLOOD,"13,474 A",ACTUAL,WATER/FLOOD,"5,200 USD",0 USD,501,CT - HARTFORD SPRINGFIELD,"25,996 USD"
https://www.copart.com/lotDetail/61168171,61168171,"2,084 USD",10/28/2021 04:00 pm CEST,2003,HONDA,ODYSSEY EX,3.5L  6,6,5FNRL18923B151810,I020,CERT OF TITLE-SALVAGE,"221,627 A",ACTUAL,VANDALISM,175 USD,0 USD,31,CT - HARTFORD SPRINGFIELD,"3,285 USD"
https://www.copart.com/lotDetail/61196621,61196621,0 USD,10/28/2021 04:00 pm CEST,2012,CHRYSLER,200 LX,2.4L  4,4,1C3CCBAB0CN127603,G030,CERTIFICATE OF TITLE,"175,952 A",ACTUAL,FRONT END,"1,200 USD",0 USD,94,CT - HARTFORD SPRINGFIELD,0 USD
https://www.copart.com/lotDetail/61199281,61199281,0 USD,10/28/2021 04:00 pm CEST,2011,FORD,EDGE SEL,3.5L  6,6,2FMDK4JC5BBA62924,H020,CERTIFICATE OF TITLE,"118,925 N",NOT ACTUAL,MINOR DENT/SCRATCHES,"4,000 USD",0 USD,91,CT - HARTFORD SPRINGFIELD,0 USD
https://www.copart.com/lotDetail/61199781,61199781,0 USD,10/28/2021 04:00 pm CEST,2003,TOYOTA,SIENNA LE,3.0L  6,6,4T3ZF13C63U554824,L040,CERTIFICATE OF TITLE,"202,585 A",ACTUAL,MINOR DENT/SCRATCHES,825 USD,0 USD,12,CT - HARTFORD SPRINGFIELD,0 USD
https://www.copart.com/lotDetail/61223211,61223211,0 USD,10/28/2021 04:00 pm CEST,2015,TOYOTA,VENZA LE,3.5L  6,6,4T3BK3BB5FU114776,G020,CERTIFICATE OF TITLE,"182,124 A",ACTUAL,MINOR DENT/SCRATCHES,"2,000 USD",0 USD,166,CT - HARTFORD SPRINGFIELD,0 USD
https://www.copart.com/lotDetail/61223931,61223931,0 USD,10/28/2021 04:00 pm CEST,2010,MERCEDES-BENZ,GL 350 BLU,3.0L  6,6,4JGBF2FEXAA615037,J040,CERTIFICATE OF TITLE (P),"154,261 E",EXEMPT,MECHANICAL,825 USD,0 USD,81,CT - HARTFORD SPRINGFIELD,0 USD
https://www.copart.com/lotDetail/61235161,61235161,"20,217 USD",10/28/2021 04:00 pm CEST,2017,HYUNDAI,SANTA FE S,2.4L  4,4,5NMZUDLBXHH033387,T010,CERT OF TITLE-SALVAGE,"46,230 A",ACTUAL,FRONT END,"3,050 USD",0 USD,245,CT - HARTFORD SPRINGFIELD,"22,015 USD"
https://www.copart.com/lotDetail/61321211,61321211,0 USD,10/28/2021 04:00 pm CEST,2005,JEEP,GRAND CHER,4.7L  8,8,1J4HR58N05C692475,H030,CERTIFICATE OF TITLE,"176,036 A",ACTUAL,MINOR DENT/SCRATCHES,200 USD,0 USD,23,CT - HARTFORD SPRINGFIELD,0 USD
https://www.copart.com/lotDetail/61366291,61366291,"2,766 USD",10/28/2021 04:00 pm CEST,2002,HONDA,CR-V LX,2.4L  4,4,JHLRD78482C065923,D010,CERT OF TITLE-SALVAGE,"257,456 A",ACTUAL,FRONT END,200 USD,0 USD,10,CT - HARTFORD SPRINGFIELD,"2,911 USD"
https://www.copart.com/lotDetail/61462451,61462451,0 USD,10/28/2021 04:00 pm CEST,2003,HUMMER,H2,6.0L  8,8,5GRGN23U73H118464,I050,CERTIFICATE OF TITLE,"220,703 A",ACTUAL,MINOR DENT/SCRATCHES,"4,100 USD",0 USD,18,CT - HARTFORD SPRINGFIELD,0 USD
https://www.copart.com/lotDetail/61511171,61511171,"8,258 USD",10/28/2021 04:00 pm CEST,2014,CHRYSLER,200 LIMITE,3.6L  6,6,1C3CCBCG7EN157208,I030,CERT OF TITLE-SALVAGE,"150,908 A",ACTUAL,FRONT END,575 USD,0 USD,221,CT - HARTFORD SPRINGFIELD,"9,217 USD"
https://www.copart.com/lotDetail/61554891,61554891,"11,701 USD",10/28/2021 04:00 pm CEST,2012,TOYOTA,CAMRY SE,3.5L  6,6,4T1BK1FK4CU512189,J030,CERT OF TITLE-SALVAGE,"163,595 A",ACTUAL,REAR END,"3,250 USD",0 USD,209,CT - HARTFORD SPRINGFIELD,"10,037 USD"
https://www.copart.com/lotDetail/61574001,61574001,"30,288 USD",10/28/2021 04:00 pm CEST,2015,CHEVROLET,SUBURBAN K,5.3L  8,8,1GNSKJKC8FR230333,HVY1,CERT OF TITLE-SALVAGE,"130,017 A",ACTUAL,UNDERCARRIAGE,"6,100 USD",0 USD,153,CT - HARTFORD SPRINGFIELD,"24,648 USD"
https://www.copart.com/lotDetail/61602041,61602041,0 USD,10/28/2021 04:00 pm CEST,2018,FORD,F350 SUPER,6.2L  8,8,1FT8W3B64JEC34649,J010,CERTIFICATE OF TITLE (P),"50,597 A",ACTUAL,ROLLOVER,"3,300 USD",0 USD,255,CT - HARTFORD SPRINGFIELD,0 USD
https://www.copart.com/lotDetail/61609521,61609521,0 USD,10/28/2021 04:00 pm CEST,2011,CHEVROLET,EQUINOX LT,2.4L  4,4,2CNFLEEC2B6217167,G020,CERTIFICATE OF TITLE (P),"141,644 A",ACTUAL,MINOR DENT/SCRATCHES,825 USD,0 USD,152,CT - HARTFORD SPRINGFIELD,0 USD
https://www.copart.com/lotDetail/61664421,61664421,"8,760 USD",10/28/2021 04:00 pm CEST,2013,VOLKSWAGEN,PASSAT SE,2.5L  5,5,1VWBP7A32DC011105,L040,CERT OF TITLE-SALVAGE,"153,159 A",ACTUAL,FRONT END,"1,100 USD",0 USD,146,CT - HARTFORD SPRINGFIELD,"11,071 USD"
https://www.copart.com/lotDetail/61665881,61665881,0 USD,10/28/2021 04:00 pm CEST,2005,CHEVROLET,AVALANCHE,5.3L  8,8,3GNEK12Z45G245198,K050,CERTIFICATE OF TITLE,"187,072 A",ACTUAL,MINOR DENT/SCRATCHES,825 USD,0 USD,20,CT - HARTFORD SPRINGFIELD,0 USD
https://www.copart.com/lotDetail/61702721,61702721,0 USD,10/28/2021 04:00 pm CEST,2005,CHEVROLET,COLORADO,3.5L  5,5,1GCDT146558194045,G030,CERTIFICATE OF TITLE,"130,775 A",ACTUAL,MINOR DENT/SCRATCHES,825 USD,0 USD,52,CT - HARTFORD SPRINGFIELD,0 USD
https://www.copart.com/lotDetail/61702751,61702751,0 USD,10/28/2021 04:00 pm CEST,2012,AUDI,S4 PREMIUM,3.0L  6,6,WAUBGAFL6CA074689,H050,CERTIFICATE OF TITLE (P),"176,837 A",ACTUAL,MINOR DENT/SCRATCHES,825 USD,0 USD,158,CT - HARTFORD SPRINGFIELD,0 USD
https://www.copart.com/lotDetail/61702811,61702811,0 USD,10/28/2021 04:00 pm CEST,2013,HYUNDAI,SONATA GLS,2.4L  4,4,5NPEB4AC9DH570345,I050,CERTIFICATE OF TITLE,"158,489 N",NOT ACTUAL,FRONT END,"1,200 USD",0 USD,188,CT - HARTFORD SPRINGFIELD,0 USD
https://www.copart.com/lotDetail/61703201,61703201,0 USD,10/28/2021 04:00 pm CEST,2012,GMC,SIERRA K15,4.8L  8,8,1GTR2UEA6CZ321552,I010,CERTIFICATE OF TITLE (P),"148,831 A",ACTUAL,REAR END,200 USD,0 USD,170,CT - HARTFORD SPRINGFIELD,0 USD
https://www.copart.com/lotDetail/61703291,61703291,0 USD,10/28/2021 04:00 pm CEST,2009,VOLVO,XC90,4.4L  8,8,YV4CT852291517253,K050,CERTIFICATE OF TITLE (P),"131,148 A",ACTUAL,MINOR DENT/SCRATCHES,825 USD,0 USD,125,CT - HARTFORD SPRINGFIELD,0 USD
https://www.copart.com/lotDetail/61703461,61703461,0 USD,10/28/2021 04:00 pm CEST,2010,FORD,F150 SUPER,5.4L  8,8,1FTFX1EV8AFA56721,I010,CERTIFICATE OF TITLE (P),"152,099 A",ACTUAL,MINOR DENT/SCRATCHES,200 USD,0 USD,130,CT - HARTFORD SPRINGFIELD,0 USD
https://www.copart.com/lotDetail/61703511,61703511,0 USD,10/28/2021 04:00 pm CEST,2014,NISSAN,PATHFINDER,3.5L  6,6,5N1AR2MM0EC610405,G040,CERTIFICATE OF TITLE (P),"75,078 A",ACTUAL,MINOR DENT/SCRATCHES,800 USD,0 USD,210,CT - HARTFORD SPRINGFIELD,0 USD
https://www.copart.com/lotDetail/61703621,61703621,0 USD,10/28/2021 04:00 pm CEST,2007,CHEVROLET,TAHOE K150,5.3L  8,8,1GNFK13017R289702,J050,CERTIFICATE OF TITLE,"205,585 A",ACTUAL,MINOR DENT/SCRATCHES,825 USD,0 USD,85,CT - HARTFORD SPRINGFIELD,0 USD
https://www.copart.com/lotDetail/61703651,61703651,0 USD,10/28/2021 04:00 pm CEST,2005,CHEVROLET,SILVERADO,5.3L  8,8,1GCEK14T45Z244294,K010,CERTIFICATE OF TITLE,"156,088 A",ACTUAL,MINOR DENT/SCRATCHES,200 USD,0 USD,55,CT - HARTFORD SPRINGFIELD,0 USD
https://www.copart.com/lotDetail/61703711,61703711,0 USD,10/28/2021 04:00 pm CEST,2010,DODGE,GRAND CARA,3.8L  6,6,2D4RN5D10AR433403,K050,CERTIFICATE OF TITLE,"146,281 A",ACTUAL,FRONT END,200 USD,0 USD,128,CT - HARTFORD SPRINGFIELD,0 USD
https://www.copart.com/lotDetail/61703761,61703761,0 USD,10/28/2021 04:00 pm CEST,2006,DODGE,RAM 2500 S,5.7L  8,8,1D7KS28D96J123200,K010,CERTIFICATE OF TITLE,"177,538 A",ACTUAL,MINOR DENT/SCRATCHES,825 USD,0 USD,72,CT - HARTFORD SPRINGFIELD,0 USD
https://www.copart.com/lotDetail/61718491,61718491,0 USD,10/28/2021 04:00 pm CEST,2015,MAZDA,CX-9 SPORT,3.7L  6,6,JM3TB2BAXF0455754,I050,CERTIFICATE OF TITLE (P),"130,900 A",ACTUAL,MINOR DENT/SCRATCHES,200 USD,0 USD,220,CT - HARTFORD SPRINGFIELD,0 USD
https://www.copart.com/lotDetail/61742731,61742731,0 USD,10/28/2021 04:00 pm CEST,2018,VOLKSWAGEN,ATLAS SEL,3.6L  6,6,1V2MR2CAXJC550750,G040,CERTIFICATE OF TITLE (P),"150,012 A",ACTUAL,MINOR DENT/SCRATCHES,"23,400 USD",0 USD,219,CT - HARTFORD SPRINGFIELD,0 USD
https://www.copart.com/lotDetail/61762181,61762181,0 USD,10/28/2021 04:00 pm CEST,2007,TOYOTA,RAV4,2.4L  4,4,JTMBD33V375053407,G030,CERTIFICATE OF TITLE,"162,626 A",ACTUAL,REAR END,"2,350 USD",0 USD,61,CT - HARTFORD SPRINGFIELD,0 USD
https://www.copart.com/lotDetail/61762411,61762411,0 USD,10/28/2021 04:00 pm CEST,2013,TOYOTA,HIGHLANDER,2.7L  4,4,5TDZA3EH8DS046053,G050,CERT OF TITLE,"180,729 A",ACTUAL,MINOR DENT/SCRATCHES,"1,900 USD",0 USD,107,CT - HARTFORD SPRINGFIELD,0 USD
https://www.copart.com/lotDetail/61785171,61785171,0 USD,10/28/2021 04:00 pm CEST,2007,TOYOTA,TUNDRA CRE,5.7L  8,8,5TBDV58187S463565,G010,CERTIFICATE OF TITLE,"245,118 A",ACTUAL,MINOR DENT/SCRATCHES,950 USD,0 USD,98,CT - HARTFORD SPRINGFIELD,0 USD
https://www.copart.com/lotDetail/61785421,61785421,0 USD,10/28/2021 04:00 pm CEST,2013,TOYOTA,VENZA LE,2.7L  4,4,4T3BA3BB5DU047709,L040,CERTIFICATE OF TITLE,"105,146 A",ACTUAL,MINOR DENT/SCRATCHES,"3,000 USD",0 USD,198,CT - HARTFORD SPRINGFIELD,0 USD
https://www.copart.com/lotDetail/61785621,61785621,0 USD,10/28/2021 04:00 pm CEST,2015,FORD,TRANSIT CO,2.5L  4,4,NM0LS7E70F1228764,I040,CERTIFICATE OF TITLE,"255,971 A",ACTUAL,MINOR DENT/SCRATCHES,550 USD,0 USD,218,CT - HARTFORD SPRINGFIELD,0 USD
https://www.copart.com/lotDetail/61785641,61785641,0 USD,10/28/2021 04:00 pm CEST,2015,NISSAN,ALTIMA 2.5,2.5L  4,4,1N4AL3APXFN329430,G020,CERTIFICATE OF TITLE (P),"200,569 A",ACTUAL,MINOR DENT/SCRATCHES,200 USD,0 USD,225,CT - HARTFORD SPRINGFIELD,0 USD
https://www.copart.com/lotDetail/61786171,61786171,0 USD,10/28/2021 04:00 pm CEST,2012,DODGE,GRAND CARA,3.6L  6,6,2C4RDGDG3CR109820,K050,CERTIFICATE OF TITLE,"149,433 A",ACTUAL,MINOR DENT/SCRATCHES,200 USD,0 USD,165,CT - HARTFORD SPRINGFIELD,0 USD
https://www.copart.com/lotDetail/61786211,61786211,0 USD,10/28/2021 04:00 pm CEST,2010,LEXUS,RX 450,3.5L  6,6,JTJBC1BA7A2412835,J030,CERTIFICATE OF TITLE (P),0 E,EXEMPT,WATER/FLOOD,825 USD,0 USD,135,CT - HARTFORD SPRINGFIELD,0 USD
https://www.copart.com/lotDetail/61786351,61786351,0 USD,10/28/2021 04:00 pm CEST,2009,TOYOTA,CAMRY BASE,2.4L  4,4,4T1BE46KX9U385658,H050,CERTIFICATE OF TITLE (P),"144,830 A",ACTUAL,FRONT END,775 USD,0 USD,120,CT - HARTFORD SPRINGFIELD,0 USD
https://www.copart.com/lotDetail/61838881,61838881,0 USD,10/28/2021 04:00 pm CEST,2003,FORD,F350 SUPER,7.3L  8,8,1FTWW33F23EA84369,HVY3,CERTIFICATE OF TITLE,"134,575 A",ACTUAL,MINOR DENT/SCRATCHES,"2,300 USD",0 USD,42,CT - HARTFORD SPRINGFIELD,0 USD
https://www.copart.com/lotDetail/61853931,61853931,0 USD,10/28/2021 04:00 pm CEST,2011,AUDI,A5 PREMIUM,2.0L  4,4,WAUCFAFH4BN018521,K030,CERTIFICATE OF TITLE,0 N,NOT ACTUAL,WATER/FLOOD,200 USD,0 USD,150,CT - HARTFORD SPRINGFIELD,0 USD
https://www.copart.com/lotDetail/61955561,61955561,"12,575 USD",10/28/2021 04:00 pm CEST,2016,HYUNDAI,SONATA SE,2.4L  4,4,5NPE24AF0GH374499,I020,CERT OF TITLE-SALVAGE,"108,532 A",ACTUAL,REAR END,"2,450 USD",0 USD,236,CT - HARTFORD SPRINGFIELD,"13,060 USD"
https://www.copart.com/lotDetail/62057491,62057491,0 USD,10/28/2021 04:00 pm CEST,2015,BMW,X4 XDRIVE2,2.0L  4,4,5UXXW3C56F0F88745,F020,CERTIFICATE OF TITLE (P),"178,733 A",ACTUAL,MECHANICAL,"14,600 USD",0 USD,127,CT - HARTFORD SPRINGFIELD,0 USD
https://www.copart.com/lotDetail/62072021,62072021,0 USD,10/28/2021 04:00 pm CEST,2006,TOYOTA,4RUNNER SR,4.0L  6,6,JTEBU14R668067509,G030,CERTIFICATE OF TITLE,"230,945 A",ACTUAL,MINOR DENT/SCRATCHES,"1,300 USD",0 USD,51,CT - HARTFORD SPRINGFIELD,0 USD
https://www.copart.com/lotDetail/62072771,62072771,0 USD,10/28/2021 04:00 pm CEST,2009,JEEP,GRAND CHER,5.7L  8,8,1J8HR58T49C541030,G040,CERTIFICATE OF TITLE (P),"155,947 A",ACTUAL,MINOR DENT/SCRATCHES,"1,000 USD",0 USD,71,CT - HARTFORD SPRINGFIELD,0 USD
https://www.copart.com/lotDetail/62148691,62148691,0 USD,10/28/2021 04:00 pm CEST,2004,FORD,EXPLORER S,4.0L  6,6,1FMDU77K44UC12917,I010,CERTIFICATE OF TITLE,"259,025 E",EXEMPT,MINOR DENT/SCRATCHES,200 USD,0 USD,33,CT - HARTFORD SPRINGFIELD,0 USD
https://www.copart.com/lotDetail/62229551,62229551,"33,817 USD",10/28/2021 04:00 pm CEST,2017,JAGUAR,F-PACE PRE,2.0L  4,4,SADCJ2BN8HA096999,L040,CERT OF TITLE-SALVAGE,"29,792 A",ACTUAL,REAR END,"11,500 USD",0 USD,243,CT - HARTFORD SPRINGFIELD,"21,381 USD"
https://www.copart.com/lotDetail/62294661,62294661,0 USD,10/28/2021 04:00 pm CEST,2020,RAM,1500 CLASS,3.6L  6,6,3C6JR7DG3LG175893,D010,CERT OF TITLE-SALVAGE,"9,873 A",ACTUAL,FRONT END,"2,400 USD",0 USD,247,CT - HARTFORD SPRINGFIELD,"21,307 USD"
https://www.copart.com/lotDetail/62377501,62377501,0 USD,10/28/2021 04:00 pm CEST,2017,HYUNDAI,SANTA FE S,3.3L  6,6,KM8SMDHF0HU176575,G030,CERTIFICATE OF TITLE (P),"155,779 A",ACTUAL,MINOR DENT/SCRATCHES,800 USD,0 USD,134,CT - HARTFORD SPRINGFIELD,0 USD
https://www.copart.com/lotDetail/62492961,62492961,0 USD,10/28/2021 04:00 pm CEST,2006,NISSAN,FRONTIER C,4.0L  6,6,1N6AD07W46C406936,K050,CERTIFICATE OF TITLE (P),"104,764 A",ACTUAL,REAR END,200 USD,0 USD,75,CT - HARTFORD SPRINGFIELD,0 USD
https://www.copart.com/lotDetail/62505311,62505311,0 USD,10/28/2021 04:00 pm CEST,2004,TOYOTA,COROLLA CE,1.8L  4,4,1NXBR32E54Z266648,H030,CERTIFICATE OF TITLE,"245,659 A",ACTUAL,MINOR DENT/SCRATCHES,275 USD,0 USD,48,CT - HARTFORD SPRINGFIELD,0 USD
https://www.copart.com/lotDetail/62507301,62507301,0 USD,10/28/2021 04:00 pm CEST,2005,TOYOTA,CAMRY LE,2.4L  4,4,4T1BE30K95U102003,K040,CERTIFICATE OF TITLE,"240,376 A",ACTUAL,ALL OVER,825 USD,0 USD,58,CT - HARTFORD SPRINGFIELD,0 USD
https://www.copart.com/lotDetail/62507551,62507551,0 USD,10/28/2021 04:00 pm CEST,2005,TOYOTA,COROLLA MA,1.8L  4,4,2T1KR32E75C505510,J050,CERTIFICATE OF TITLE,"241,294 A",ACTUAL,MINOR DENT/SCRATCHES,200 USD,0 USD,65,CT - HARTFORD SPRINGFIELD,0 USD
https://www.copart.com/lotDetail/62548781,62548781,0 USD,10/28/2021 04:00 pm CEST,2008,HONDA,ACCORD EXL,2.4L  4,4,1HGCS12878A013979,K050,CERTIFICATE OF TITLE,"215,898 E",EXEMPT,SIDE,200 USD,0 USD,105,CT - HARTFORD SPRINGFIELD,0 USD
https://www.copart.com/lotDetail/62574031,62574031,0 USD,10/28/2021 04:00 pm CEST,2016,TOYOTA,RAV4 HV XL,2.5L  4,4,JTMRJREV2GD007662,G030,CERT OF TITLE-SALVAGE VEHICLE (P),"60,381 A",ACTUAL,MINOR DENT/SCRATCHES,"3,350 USD",0 USD,230,CT - HARTFORD SPRINGFIELD,0 USD
https://www.copart.com/lotDetail/62575261,62575261,0 USD,10/28/2021 04:00 pm CEST,2013,NISSAN,JUKE S,1.6L  4,4,JN8AF5MV0DT213349,G050,CERTIFICATE OF TITLE,"87,423 A",ACTUAL,MINOR DENT/SCRATCHES,"1,000 USD",0 USD,192,CT - HARTFORD SPRINGFIELD,0 USD
https://www.copart.com/lotDetail/62575811,62575811,0 USD,10/28/2021 04:00 pm CEST,2017,TOYOTA,RAV4 HV SE,2.5L  4,4,JTMJJREV9HD083880,G020,CERT OF TITLE-SALVAGE VEHICLE (P),"60,198 A",ACTUAL,ALL OVER,"6,700 USD",0 USD,235,CT - HARTFORD SPRINGFIELD,0 USD
https://www.copart.com/lotDetail/62627731,62627731,0 USD,10/28/2021 04:00 pm CEST,2012,MERCEDES-BENZ,GL 550 4MA,5.5L  8,8,4JGBF8GE5CA783673,G020,CERTIFICATE OF TITLE (P),"162,033 A",ACTUAL,MINOR DENT/SCRATCHES,825 USD,0 USD,194,CT - HARTFORD SPRINGFIELD,0 USD
https://www.copart.com/lotDetail/62630331,62630331,0 USD,10/28/2021 04:00 pm CEST,2003,MERCEDES-BENZ,CLK 430,4.3L  8,8,WDBLK70G83T130087,I050,CERTIFICATE OF TITLE (P),"126,642 E",EXEMPT,MINOR DENT/SCRATCHES,"1,400 USD",0 USD,32,CT - HARTFORD SPRINGFIELD,0 USD
https://www.copart.com/lotDetail/62642541,62642541,0 USD,10/28/2021 04:00 pm CEST,2010,TOYOTA,RAV4,2.5L  4,4,2T3BF4DV4AW027025,K040,CERTIFICATE OF TITLE,"138,240 A",ACTUAL,MINOR DENT/SCRATCHES,"1,100 USD",0 USD,148,CT - HARTFORD SPRINGFIELD,0 USD
https://www.copart.com/lotDetail/62642661,62642661,0 USD,10/28/2021 04:00 pm CEST,2003,TOYOTA,4RUNNER SR,4.7L  8,8,JTEBT14R038003822,G020,CERTIFICATE OF TITLE,"232,064 A",ACTUAL,MINOR DENT/SCRATCHES,200 USD,0 USD,45,CT - HARTFORD SPRINGFIELD,0 USD
https://www.copart.com/lotDetail/62642811,62642811,0 USD,10/28/2021 04:00 pm CEST,2006,TOYOTA,TACOMA ACC,4.0L  6,6,5TEUU42N86Z313795,K010,CERTIFICATE OF TITLE,"106,565 A",ACTUAL,MINOR DENT/SCRATCHES,825 USD,0 USD,78,CT - HARTFORD SPRINGFIELD,0 USD
https://www.copart.com/lotDetail/62651441,62651441,0 USD,10/28/2021 04:00 pm CEST,2015,JEEP,GRAND CHER,3.6L  6,6,1C4RJFAG9FC704384,G040,CERTIFICATE OF TITLE,"178,480 A",ACTUAL,HAIL,"8,000 USD",0 USD,131,CT - HARTFORD SPRINGFIELD,0 USD
https://www.copart.com/lotDetail/62654521,62654521,0 USD,10/28/2021 04:00 pm CEST,2017,NISSAN,ROGUE S,2.5L  4,4,JN8AT2MV5HW027026,H020,CERTIFICATE OF TITLE (P),"85,318 A",ACTUAL,FRONT END,"1,600 USD",0 USD,246,CT - HARTFORD SPRINGFIELD,0 USD
https://www.copart.com/lotDetail/62657011,62657011,0 USD,10/28/2021 04:00 pm CEST,2015,FORD,TRANSIT CO,2.5L  4,4,NM0LS6E74F1179563,I010,CERTIFICATE OF TITLE,"253,285 A",ACTUAL,MINOR DENT/SCRATCHES,175 USD,0 USD,215,CT - HARTFORD SPRINGFIELD,0 USD
https://www.copart.com/lotDetail/62657221,62657221,0 USD,10/28/2021 04:00 pm CEST,2014,SUBARU,LEGACY 2.5,2.5L  4,4,4S3BMBC6XE3018911,L040,CERTIFICATE OF TITLE,"214,535 A",ACTUAL,MINOR DENT/SCRATCHES,200 USD,0 USD,212,CT - HARTFORD SPRINGFIELD,0 USD
https://www.copart.com/lotDetail/62657551,62657551,0 USD,10/28/2021 04:00 pm CEST,2012,DODGE,RAM 2500 S,5.7L  8,8,3C6TD5DTXCG224211,HVY1,CERTIFICATE OF TITLE,"109,846 A",ACTUAL,ALL OVER,"2,100 USD",0 USD,168,CT - HARTFORD SPRINGFIELD,0 USD
https://www.copart.com/lotDetail/62657721,62657721,0 USD,10/28/2021 04:00 pm CEST,2014,BMW,320 I XDRI,2.0L  4,4,WBA3C3C52EF983231,J050,CERTIFICATE OF TITLE,"121,907 A",ACTUAL,MECHANICAL,825 USD,0 USD,200,CT - HARTFORD SPRINGFIELD,0 USD
https://www.copart.com/lotDetail/62657801,62657801,0 USD,10/28/2021 04:00 pm CEST,2010,SUBARU,LEGACY 2.5,2.5L  4,4,4S3BMCK68A3220969,G030,CERT OF TITLE-SALVAGE,"178,860 A",ACTUAL,REAR END,200 USD,0 USD,138,CT - HARTFORD SPRINGFIELD,0 USD
https://www.copart.com/lotDetail/62657971,62657971,0 USD,10/28/2021 04:00 pm CEST,2016,KIA,SEDONA LX,3.3L  6,6,KNDMB5C1XG6178390,L040,CERTIFICATE OF TITLE,"136,130 A",ACTUAL,MINOR DENT/SCRATCHES,175 USD,0 USD,228,CT - HARTFORD SPRINGFIELD,0 USD
https://www.copart.com/lotDetail/62658101,62658101,0 USD,10/28/2021 04:00 pm CEST,2013,KIA,SORENTO LX,3.5L  6,6,5XYKTDA24DG385957,K040,CERTIFICATE OF TITLE,"111,235 A",ACTUAL,MINOR DENT/SCRATCHES,825 USD,0 USD,190,CT - HARTFORD SPRINGFIELD,0 USD
https://www.copart.com/lotDetail/62658331,62658331,0 USD,10/28/2021 04:00 pm CEST,2014,DODGE,AVENGER SE,3.6L  6,6,1C3CDZAG6EN226933,G020,CERTIFICATE OF TITLE,"118,627 A",ACTUAL,MINOR DENT/SCRATCHES,200 USD,0 USD,205,CT - HARTFORD SPRINGFIELD,0 USD
https://www.copart.com/lotDetail/62658761,62658761,0 USD,10/28/2021 04:00 pm CEST,2010,TOYOTA,HIGHLANDER,3.5L  6,6,5TDJK3EH0AS016714,G040,CERTIFICATE OF TITLE,"167,729 A",ACTUAL,REAR END,"1,300 USD",0 USD,142,CT - HARTFORD SPRINGFIELD,0 USD
https://www.copart.com/lotDetail/62658781,62658781,0 USD,10/28/2021 04:00 pm CEST,2009,TOYOTA,HIGHLANDER,3.5L  6,6,JTEES43A792148073,G040,CERTIFICATE OF TITLE,"203,142 A",ACTUAL,MINOR DENT/SCRATCHES,825 USD,0 USD,122,CT - HARTFORD SPRINGFIELD,0 USD
https://www.copart.com/lotDetail/62658941,62658941,0 USD,10/28/2021 04:00 pm CEST,2014,KIA,SOUL +,2.0L  4,4,KNDJP3A51E7084016,H030,CERTIFICATE OF TITLE,"138,178 A",ACTUAL,FRONT END,825 USD,0 USD,208,CT - HARTFORD SPRINGFIELD,0 USD
https://www.copart.com/lotDetail/62659051,62659051,0 USD,10/28/2021 04:00 pm CEST,2013,CHRYSLER,TOWN & COU,3.6L  6,6,2C4RC1BG4DR656907,G020,CERTIFICATE OF TITLE,"155,106 A",ACTUAL,MINOR DENT/SCRATCHES,"1,050 USD",0 USD,182,CT - HARTFORD SPRINGFIELD,0 USD
https://www.copart.com/lotDetail/62662621,62662621,0 USD,10/28/2021 04:00 pm CEST,2004,FORD,RANGER SUP,4.0L  6,6,1FTZR15E14TA13478,T010,CERTIFICATE OF TITLE (P),"151,889 A",ACTUAL,MINOR DENT/SCRATCHES,200 USD,0 USD,15,CT - HARTFORD SPRINGFIELD,0 USD
https://www.copart.com/lotDetail/62664031,62664031,0 USD,10/28/2021 04:00 pm CEST,2016,MERCEDES-BENZ,C 450 4MAT,3.0L  6,6,55SWF6EB5GU127066,F040,CERTIFICATE OF TITLE,"90,504 A",ACTUAL,NORMAL WEAR,"25,000 USD",0 USD,189,CT - HARTFORD SPRINGFIELD,0 USD
https://www.copart.com/lotDetail/62692031,62692031,0 USD,10/28/2021 04:00 pm CEST,2017,CHEVROLET,4500XD,5.2L  4,4,JALCDW160H7002341,HVY3,CERTIFICATE OF TITLE,"248,835 A",ACTUAL,MINOR DENT/SCRATCHES,125 USD,0 USD,232,CT - HARTFORD SPRINGFIELD,0 USD
https://www.copart.com/lotDetail/62715191,62715191,0 USD,10/28/2021 04:00 pm CEST,2002,JEEP,GRAND CHER,4.7L  8,8,1J4GW58N62C283221,K040,CERT OF TITLE-PARTS ONLY SALVA,"145,973 A",ACTUAL,MECHANICAL,200 USD,0 USD,30,CT - HARTFORD SPRINGFIELD,0 USD
https://www.copart.com/lotDetail/62901481,62901481,0 USD,10/28/2021 04:00 pm CEST,2013,VOLVO,S60 T5,2.5L  5,5,YV1612FS3D2226260,,CERTIFICATE OF TITLE (P),"120,308 A",ACTUAL,SIDE,175 USD,0 USD,293,CT - HARTFORD SPRINGFIELD,0 USD
https://www.copart.com/lotDetail/62912821,62912821,0 USD,10/28/2021 04:00 pm CEST,2009,BMW,X3 XDRIVE3,3.0L  6,6,WBXPC93479WJ30377,G020,CERTIFICATE OF TITLE,"131,688 A",ACTUAL,MINOR DENT/SCRATCHES,200 USD,0 USD,115,CT - HARTFORD SPRINGFIELD,0 USD
https://www.copart.com/lotDetail/62914171,62914171,0 USD,10/28/2021 04:00 pm CEST,2010,TOYOTA,HIGHLANDER,3.5L  6,6,5TDBK3EH5AS014056,G020,CERTIFICATE OF TITLE,"228,213 A",ACTUAL,MINOR DENT/SCRATCHES,175 USD,0 USD,140,CT - HARTFORD SPRINGFIELD,0 USD
https://www.copart.com/lotDetail/62914511,62914511,0 USD,10/28/2021 04:00 pm CEST,2012,CHEVROLET,CRUZE LT,1.4L  4,4,1G1PF5SC7C7254522,H040,CERTIFICATE OF TITLE,"217,755 A",ACTUAL,MINOR DENT/SCRATCHES,825 USD,0 USD,162,CT - HARTFORD SPRINGFIELD,0 USD
https://www.copart.com/lotDetail/62935181,62935181,0 USD,10/28/2021 04:00 pm CEST,2008,HONDA,CR-V EX,2.4L  4,4,JHLRE48508C035621,G020,CERTIFICATE OF TITLE (P),"191,799 A",ACTUAL,MINOR DENT/SCRATCHES,"2,050 USD",0 USD,174,CT - HARTFORD SPRINGFIELD,0 USD
https://www.copart.com/lotDetail/62947491,62947491,0 USD,10/28/2021 04:00 pm CEST,2016,FORD,FUSION SE,2.5L  4,4,3FA6P0H75GR344219,H030,CERTIFICATE OF TITLE,"148,548 A",ACTUAL,SIDE,"2,400 USD",0 USD,171,CT - HARTFORD SPRINGFIELD,0 USD
https://www.copart.com/lotDetail/62973551,62973551,0 USD,10/28/2021 04:00 pm CEST,1999,TOYOTA,RAV4,2.0L  4,4,JT3HP10V0X7146369,G020,CERTIFICATE OF TITLE,0 E,EXEMPT,MINOR DENT/SCRATCHES,825 USD,0 USD,4,CT - HARTFORD SPRINGFIELD,0 USD
https://www.copart.com/lotDetail/62980481,62980481,0 USD,10/28/2021 04:00 pm CEST,2006,TOYOTA,RAV4,2.4L  4,4,JTMBD33V366012722,G020,CERTIFICATE OF TITLE (P),"278,150 A",ACTUAL,SIDE,825 USD,0 USD,187,CT - HARTFORD SPRINGFIELD,0 USD
https://www.copart.com/lotDetail/62980581,62980581,0 USD,10/28/2021 04:00 pm CEST,2008,TOYOTA,RAV4,2.4L  4,4,JTMBD33V786057939,G020,CERTIFICATE OF TITLE (P),"211,577 A",ACTUAL,MINOR DENT/SCRATCHES,825 USD,0 USD,177,CT - HARTFORD SPRINGFIELD,0 USD
https://www.copart.com/lotDetail/62980661,62980661,0 USD,10/28/2021 04:00 pm CEST,2016,LEXUS,GX 460,4.6L  8,8,JTJBM7FX9G5145669,F020,CERTIFICATE OF TITLE (P),"121,996 A",ACTUAL,MINOR DENT/SCRATCHES,"18,500 USD",0 USD,183,CT - HARTFORD SPRINGFIELD,0 USD
https://www.copart.com/lotDetail/63221381,63221381,0 USD,10/28/2021 04:00 pm CEST,2017,VOLKSWAGEN,PASSAT R-L,1.8L  4,4,1VWDT7A34HC025839,J030,CERTIFICATE OF TITLE (P),"29,277 A",ACTUAL,WATER/FLOOD,"6,800 USD",0 USD,257,CT - HARTFORD SPRINGFIELD,0 USD
https://www.copart.com/lotDetail/63278921,63278921,0 USD,10/28/2021 04:00 pm CEST,2013,ACURA,MDX TECHNO,3.7L  6,6,2HNYD2H32DH508435,G020,CERTIFICATE OF TITLE (P),"335,834 A",ACTUAL,HAIL,825 USD,0 USD,248,CT - HARTFORD SPRINGFIELD,0 USD
https://www.copart.com/lotDetail/63385041,63385041,"13,570 USD",10/28/2021 04:00 pm CEST,2017,VOLKSWAGEN,JETTA S,1.4L  4,4,3VW167AJ2HM319117,L040,MV-907A SALVAGE CERTIFICATE,"39,707 N",NOT ACTUAL,SIDE,"2,500 USD",0 USD,259,CT - HARTFORD SPRINGFIELD,0 USD
https://www.copart.com/lotDetail/63435241,63435241,0 USD,10/28/2021 04:00 pm CEST,2010,TOYOTA,HIGHLANDER,3.5L  6,6,5TDBK3EHXAS001805,G040,CERTIFICATE OF TITLE,"191,982 A",ACTUAL,MINOR DENT/SCRATCHES,175 USD,0 USD,258,CT - HARTFORD SPRINGFIELD,0 USD
https://www.copart.com/lotDetail/63505381,63505381,0 USD,10/28/2021 04:00 pm CEST,2018,HYUNDAI,KONA SE,2.0L  4,4,KM8K1CAA2JU114165,R010,CERT OF TITLE-SALVAGE,"8,262 A",ACTUAL,ALL OVER,175 USD,0 USD,288,CT - HARTFORD SPRINGFIELD,0 USD
https://www.copart.com/lotDetail/63534391,63534391,0 USD,10/28/2021 04:00 pm CEST,2012,MAZDA,3 I,2.0L  4,4,JM1BL1V86C1698603,G040,CERTIFICATE OF TITLE,"527,087 A",ACTUAL,MINOR DENT/SCRATCHES,175 USD,0 USD,272,CT - HARTFORD SPRINGFIELD,0 USD
https://www.copart.com/lotDetail/63535971,63535971,0 USD,10/28/2021 04:00 pm CEST,2011,BMW,328 XI SUL,3.0L  6,6,WBAKF5C50BE586665,K040,CERTIFICATE OF TITLE,"93,349 A",ACTUAL,SIDE,"1,550 USD",0 USD,294,CT - HARTFORD SPRINGFIELD,0 USD
https://www.copart.com/lotDetail/63536411,63536411,0 USD,10/28/2021 04:00 pm CEST,2014,FORD,ESCAPE SE,1.6L  4,4,1FMCU9GX9EUE45616,REC1,CERTIFICATE OF TITLE (P),0 N,NOT ACTUAL,MINOR DENT/SCRATCHES,200 USD,0 USD,266,CT - HARTFORD SPRINGFIELD,0 USD
https://www.copart.com/lotDetail/63536581,63536581,0 USD,10/28/2021 04:00 pm CEST,2017,HYUNDAI,ELANTRA SE,2.0L  4,4,5NPD74LF4HH056803,REC1,CERTIFICATE OF TITLE,"135,194 A",ACTUAL,REAR END,"2,100 USD",0 USD,252,CT - HARTFORD SPRINGFIELD,0 USD
https://www.copart.com/lotDetail/63536661,63536661,0 USD,10/28/2021 04:00 pm CEST,2008,CHEVROLET,SUBURBAN K,5.3L  8,8,1GNFK16368J233776,,CERTIFICATE OF TITLE,"349,542 E",EXEMPT,MINOR DENT/SCRATCHES,200 USD,0 USD,290,CT - HARTFORD SPRINGFIELD,0 USD
https://www.copart.com/lotDetail/63536801,63536801,0 USD,10/28/2021 04:00 pm CEST,2017,CHEVROLET,CRUZE LS,1.4L  4,4,1G1BC5SM6H7269287,REC1,CERTIFICATE OF TITLE,"123,175 A",ACTUAL,SIDE,175 USD,0 USD,280,CT - HARTFORD SPRINGFIELD,0 USD
https://www.copart.com/lotDetail/63536901,63536901,0 USD,10/28/2021 04:00 pm CEST,2018,HONDA,HR-V EXL,1.8L  4,4,3CZRU6H7XJM701153,H040,CERTIFICATE OF TITLE,"67,009 A",ACTUAL,FRONT END,"2,850 USD",0 USD,292,CT - HARTFORD SPRINGFIELD,0 USD
https://www.copart.com/lotDetail/63537081,63537081,0 USD,10/28/2021 04:00 pm CEST,2018,HONDA,ACCORD LX,1.5L  4,4,1HGCV1F16JA255088,G030,CERTIFICATE OF TITLE (P),"84,028 A",ACTUAL,FRONT END,"1,700 USD",0 USD,278,CT - HARTFORD SPRINGFIELD,0 USD
https://www.copart.com/lotDetail/63537211,63537211,0 USD,10/28/2021 04:00 pm CEST,2008,JEEP,WRANGLER X,3.8L  6,6,1J4FA24198L602826,G040,CERTIFICATE OF TITLE,"174,730 A",ACTUAL,MECHANICAL,450 USD,0 USD,282,CT - HARTFORD SPRINGFIELD,0 USD
https://www.copart.com/lotDetail/63537401,63537401,0 USD,10/28/2021 04:00 pm CEST,2011,BUICK,ENCLAVE CX,3.6L  6,6,5GAKVBED9BJ394887,H050,CERTIFICATE OF TITLE,"152,476 A",ACTUAL,MINOR DENT/SCRATCHES,175 USD,0 USD,276,CT - HARTFORD SPRINGFIELD,0 USD
https://www.copart.com/lotDetail/63537601,63537601,0 USD,10/28/2021 04:00 pm CEST,2002,MERCEDES-BENZ,ML 320,3.2L  6,6,4JGAB54E22A327266,G030,CERTIFICATE OF TITLE (P),"248,658 A",ACTUAL,MINOR DENT/SCRATCHES,175 USD,0 USD,262,CT - HARTFORD SPRINGFIELD,0 USD
https://www.copart.com/lotDetail/63537821,63537821,0 USD,10/28/2021 04:00 pm CEST,2003,TOYOTA,4RUNNER SR,4.0L  6,6,JTEBU14R538007295,G050,CERTIFICATE OF TITLE,"172,293 A",ACTUAL,MINOR DENT/SCRATCHES,"1,550 USD",0 USD,284,CT - HARTFORD SPRINGFIELD,0 USD
https://www.copart.com/lotDetail/63537931,63537931,0 USD,10/28/2021 04:00 pm CEST,2006,TOYOTA,COROLLA CE,1.8L  4,4,1NXBR32E56Z620932,G030,CERTIFICATE OF TITLE,"283,007 A",ACTUAL,REAR END,225 USD,0 USD,254,CT - HARTFORD SPRINGFIELD,0 USD
https://www.copart.com/lotDetail/63538011,63538011,0 USD,10/28/2021 04:00 pm CEST,2013,CHEVROLET,EQUINOX LS,2.4L  4,4,2GNFLCEK4D6376640,REC1,CERTIFICATE OF TITLE,"119,046 A",ACTUAL,MINOR DENT/SCRATCHES,550 USD,0 USD,286,CT - HARTFORD SPRINGFIELD,0 USD
https://www.copart.com/lotDetail/63538171,63538171,0 USD,10/28/2021 04:00 pm CEST,2004,TOYOTA,SIENNA CE,3.3L  6,6,5TDZA23C14S035414,REC1,CERTIFICATE OF TITLE,"174,979 A",ACTUAL,SIDE,550 USD,0 USD,256,CT - HARTFORD SPRINGFIELD,0 USD
https://www.copart.com/lotDetail/63538311,63538311,0 USD,10/28/2021 04:00 pm CEST,2014,NISSAN,ALTIMA 2.5,2.5L  4,4,1N4AL3AP6EC116209,G020,CERTIFICATE OF TITLE,"222,135 A",ACTUAL,FRONT END,200 USD,0 USD,260,CT - HARTFORD SPRINGFIELD,0 USD
https://www.copart.com/lotDetail/63538431,63538431,0 USD,10/28/2021 04:00 pm CEST,2000,TOYOTA,TUNDRA ACC,4.7L  8,8,5TBBT4415YS065602,,CERTIFICATE OF TITLE,"229,570 A",ACTUAL,MINOR DENT/SCRATCHES,175 USD,0 USD,264,CT - HARTFORD SPRINGFIELD,0 USD
https://www.copart.com/lotDetail/63548431,63548431,0 USD,10/28/2021 04:00 pm CEST,2013,BMW,328 XI SUL,2.0L  4,4,WBA3B5G51DNS02762,K020,CERTIFICATE OF TITLE (P),"143,692 A",ACTUAL,MINOR DENT/SCRATCHES,175 USD,0 USD,270,CT - HARTFORD SPRINGFIELD,0 USD
https://www.copart.com/lotDetail/63556391,63556391,0 USD,10/28/2021 04:00 pm CEST,2008,VOLVO,XC70,3.2L  6,6,YV4BZ982281017524,G030,CERTIFICATE OF TITLE,"190,480 A",ACTUAL,MINOR DENT/SCRATCHES,175 USD,0 USD,268,CT - HARTFORD SPRINGFIELD,0 USD
https://www.copart.com/lotDetail/63572161,63572161,0 USD,10/28/2021 04:00 pm CEST,2008,FORD,F550 SUPER,6.4L  8,8,1FDAF56R88EB90114,HVY3,CERTIFICATE OF TITLE (P),"115,373 A",ACTUAL,MINOR DENT/SCRATCHES,"1,050 USD",0 USD,274,CT - HARTFORD SPRINGFIELD,0 USD
